SKU,Name,Description,Brand,Category,Price_UGX,stock,Colour,Tags,Image URL,model,product_warranty,note
PH-SAM-A06-4-64,"Samsung Galaxy A06 4GB/64GB","An affordable Samsung smartphone with a large display and dependable all-day battery.",Samsung,"Electronics / Mobile Phones / Smartphones",406000,20,Black,"payment-on-order,uganda-electronics",https://i5.walmartimages.com/asr/30318cc3-f706-4d13-9a90-63efd04f148d.6782dff14075552220437d09c4906571.jpeg?odnBg=FFFFFF&odnHeight=612&odnWidth=612,Galaxy A06,"Supplier warranty","Payment on order; Uganda market price checked October 2026"
PH-SAM-A16-4-128,"Samsung Galaxy A16 4GB/128GB","A Super AMOLED Samsung smartphone with generous storage and a versatile triple camera.",Samsung,"Electronics / Mobile Phones / Smartphones",529000,20,Black,"payment-on-order,uganda-electronics",https://www.cloud-storefiles.com/static/56596_1741351840r0uc0r7bpu.png,Galaxy A16,"Supplier warranty","Payment on order; Uganda market price checked October 2026"
PH-SAM-A17-4-128,"Samsung Galaxy A17 4GB/128GB","A balanced Galaxy A-series phone for everyday apps photography and entertainment.",Samsung,"Electronics / Mobile Phones / Smartphones",609000,20,Black,"payment-on-order,uganda-electronics",https://www.pevex.hr/Documents/Products/100952/407070-1.jpg,Galaxy A17,"Supplier warranty","Payment on order; Uganda market price checked October 2026"
PH-SAM-A07-4-128,"Samsung Galaxy A07 4GB/128GB","A practical Samsung smartphone with a 50MP main camera and expandable storage.",Samsung,"Electronics / Mobile Phones / Smartphones",516500,20,Black,"payment-on-order,uganda-electronics",https://shop.viva.am/upload/iblock/38e/1yven38pp0ktlngoa13b4xv769kr3uqu.png,Galaxy A07,"Supplier warranty","Payment on order; Uganda market price checked October 2026"
PH-SAM-A56-8-256,"Samsung Galaxy A56 5G 8GB/256GB","A premium Galaxy A-series 5G smartphone with a bright display and capable cameras.",Samsung,"Electronics / Mobile Phones / Smartphones",1335000,20,Graphite,"payment-on-order,uganda-electronics",https://static01.galaxus.com/productimages/3/5/3/9/6/0/1/5/0/7/9/9/2/8/4/7/4/3/ced3903e-b3b5-4903-88b1-f3f49e89f851.jpg_sea.jpeg,Galaxy A56 5G,"Supplier warranty","Payment on order; Uganda market price checked October 2026"
PH-SAM-S25-12-256,"Samsung Galaxy S25 12GB/256GB","A compact flagship Galaxy phone with powerful performance and advanced cameras.",Samsung,"Electronics / Mobile Phones / Smartphones",2950000,12,Navy,"payment-on-order,uganda-electronics",https://cdn.idealo.com/folder/Product/205675/0/205675029/s1_produktbild_max/samsung-galaxy-s25-128gb-navy.jpg,Galaxy S25,"Supplier warranty","Payment on order; Uganda market price checked October 2026"
PH-SAM-S26U-12-512,"Samsung Galaxy S26 Ultra 5G 12GB/512GB","Samsung flagship performance with a large premium display advanced cameras and S Pen support.",Samsung,"Electronics / Mobile Phones / Smartphones",5300000,10,Black,"payment-on-order,uganda-electronics",https://coolboxpe.vtexassets.com/arquivos/ids/530701/celular-samsung-galaxy-s26-ultra-5g-512gb-12gb-ram-negro-sm-s948bzkmltp.jpg?v=639076296454270000,Galaxy S26 Ultra 5G,"Supplier warranty","Payment on order; Uganda market price checked October 2026"
PH-SAM-FOLD7-12-512,"Samsung Galaxy Z Fold7 12GB/512GB","A book-style foldable Galaxy with a spacious inner display and flagship multitasking.",Samsung,"Electronics / Mobile Phones / Smartphones",5940000,8,Silver,"payment-on-order,uganda-electronics",https://future.com.kw/cdn/shop/files/imgi_3_554493-01.webp?v=1752160067&width=2048,Galaxy Z Fold7,"Supplier warranty","Payment on order; Uganda market price checked October 2026"
PH-TEC-POP20-4-64,"Tecno Pop 20 4GB/64GB","A value-focused smartphone with a large display and reliable battery for daily use.",Tecno,"Electronics / Mobile Phones / Smartphones",417000,20,Aurora Purple,"payment-on-order,uganda-electronics",https://compughana.com/cdn/shop/files/pop20purple_8ab007d6-845e-481d-a3c5-5814730ff7f7.png?v=1772535848,Tecno Pop 20,"Supplier warranty","Payment on order; Uganda market price checked October 2026"
PH-TEC-SPARK50-8-128,"Tecno Spark 50 8GB/128GB","A stylish everyday Tecno smartphone with extended memory and ample storage.",Tecno,"Electronics / Mobile Phones / Smartphones",540000,20,Aurora Purple,"payment-on-order,uganda-electronics",https://d13pvy8xd75yde.cloudfront.net/global/spark50_kn4_kn4n/800%2A800/aurora-puple.png,Tecno Spark 50,"Supplier warranty","Payment on order; Uganda market price checked October 2026"
PH-TEC-SPARKSLIM-8-256,"Tecno Spark Slim 8GB/256GB","A slim Tecno smartphone combining a modern design with generous storage.",Tecno,"Electronics / Mobile Phones / Smartphones",889900,18,Cool Black,"payment-on-order,uganda-electronics",https://www.mascomintl.com/themes/images/mascom/Tecno%20Spark%20Slim%20Cool%20Black%20Mascom%20International.webp,Tecno Spark Slim,"Supplier warranty","Payment on order; Uganda market price checked October 2026"
PH-TEC-CAM50P-8-256,"Tecno Camon 50 Pro 8GB/256GB","A camera-led Tecno smartphone with a bright display and long-lasting battery.",Tecno,"Electronics / Mobile Phones / Smartphones",1380000,15,Lavender Mist,"payment-on-order,uganda-electronics",https://d13pvy8xd75yde.cloudfront.net/camon/cn5c-%E8%8E%AB%E8%80%90%E7%B4%AB.png,Tecno Camon 50 Pro,"Supplier warranty","Payment on order; Uganda market price checked October 2026"
PH-INF-SMART20-4-64,"Infinix Smart 20 4GB/64GB","An accessible Infinix smartphone for calls social apps and everyday entertainment.",Infinix,"Electronics / Mobile Phones / Smartphones",422000,20,Black,"payment-on-order,uganda-electronics",https://cdnpro.eraspace.com/media/catalog/product/i/n/infinix_smart_20_black_01.webp,Infinix Smart 20,"Supplier warranty","Payment on order; Uganda market price checked October 2026"
PH-INF-HOT60PP-8-256,"Infinix Hot 60 Pro+ 8GB/256GB","A performance-focused Hot-series smartphone with generous memory and storage.",Infinix,"Electronics / Mobile Phones / Smartphones",795000,18,Black,"payment-on-order,uganda-electronics",https://sota.store/image/cache/catalog/Infinix/infinix-hot-60-pro-plus-blk-01-1600x1600.webp,Infinix Hot 60 Pro+,"Supplier warranty","Payment on order; Uganda market price checked October 2026"
PH-INF-HOT70-6-256,"Infinix Hot 70 6GB/256GB","A smooth everyday smartphone with a fast display large battery and spacious storage.",Infinix,"Electronics / Mobile Phones / Smartphones",854000,18,Green,"payment-on-order,uganda-electronics",https://www.static-src.com/wcsstore/Indraprastha/images/catalog/full/catalog-image/96/MTA-184705421/infinix_infinix_hot_70_6-128gb_garansi_resmi_indonesia_full05_le1poizv.webp,Infinix Hot 70,"Supplier warranty","Payment on order; Uganda market price checked October 2026"
PH-INF-NOTE50-8-256,"Infinix Note 50 8GB/256GB","A feature-rich Note-series phone with a large display strong battery and capable cameras.",Infinix,"Electronics / Mobile Phones / Smartphones",979000,18,Shadow Black,"payment-on-order,uganda-electronics",https://cdn.qeemat.com.pk/product/8398/infinix-note-50-256gb-shadow-black.png,Infinix Note 50,"Supplier warranty","Payment on order; Uganda market price checked October 2026"
PH-ITL-CITY200-4-128,"Itel City 200 4GB/128GB","A modern value smartphone with useful storage and a clean everyday design.",Itel,"Electronics / Mobile Phones / Smartphones",444000,20,Black,"payment-on-order,uganda-electronics",https://itel-pk.com/cdn/shop/files/Black_Back_Front_-Right-45.png?v=1775729811&width=1000,Itel City 200,"Supplier warranty","Payment on order; Uganda market price checked October 2026"
PH-ITL-A200-3-128,"Itel A200 3GB/128GB","An affordable itel phone with generous storage for essential apps and media.",Itel,"Electronics / Mobile Phones / Smartphones",389000,20,Orange,"payment-on-order,uganda-electronics",https://assets.os.masoko.com/media/catalog/product/o/r/orange_3.png,Itel A200,"Supplier warranty","Payment on order; Uganda market price checked October 2026"
PH-XIA-RN15-8-256,"Xiaomi Redmi Note 15 8GB/256GB","A capable Redmi Note smartphone with a smooth display and generous memory.",Xiaomi,"Electronics / Mobile Phones / Smartphones",900000,18,Black,"payment-on-order,uganda-electronics",https://xiaomistoreph.com/cdn/shop/files/Redmi-Note-15-WBG_1_1200x1200.png?v=1769667666,Redmi Note 15,"Supplier warranty","Payment on order; Uganda market price checked October 2026"
PH-XIA-R15C-4-128,"Xiaomi Redmi 15C 4GB/128GB","An affordable Redmi smartphone with a large screen 50MP camera and long battery life.",Xiaomi,"Electronics / Mobile Phones / Smartphones",457000,20,Midnight Black,"payment-on-order,uganda-electronics",https://www.clicksolutions.tn/2646-large_default/xiaomi-redmi-15c.jpg,Redmi 15C,"Supplier warranty","Payment on order; Uganda market price checked October 2026"
TV-ITL-A321-32,"Itel A321 32-inch HD Digital TV","A compact HD television with an inbuilt digital tuner HDMI and USB connectivity.",Itel,"Electronics / Televisions",259000,12,Black,"payment-on-order,uganda-electronics",https://www-konga-com-res.cloudinary.com/f_auto%2Cfl_lossy%2Cdpr_auto%2Cq_auto/media/catalog/product/U/Q/171896_1623163650.jpg,A321 32-inch,"Supplier warranty","Payment on order; Uganda market price checked October 2026"
TV-HIS-A4Q-32,"Hisense A4Q 32-inch Smart TV","A compact VIDAA smart television suited to bedrooms and smaller living spaces.",Hisense,"Electronics / Televisions",474000,12,Black,"payment-on-order,uganda-electronics",https://cdn.hisense.ru/upload/resize_cache/iblock/444/648_648_1/agswjxohz2fbtkca3d0i1xxqn3x72r0r.png?v=1768390731,32A4Q,"Supplier warranty","Payment on order; Uganda market price checked October 2026"
TV-HIS-A4Q-43,"Hisense A4Q 43-inch Full HD Smart TV","A Full HD smart television with VIDAA streaming and a slim modern design.",Hisense,"Electronics / Televisions",759000,12,Black,"payment-on-order,uganda-electronics",https://www.toptileshomeandsolar.co.za/cdn/shop/files/1_956704d1-0cf8-4786-9a8a-d4b84f5d87dc_1024x1024%402x.png?v=1756231414,43A4Q,"Supplier warranty","Payment on order; Uganda market price checked October 2026"
TV-HIS-A6Q-50,"Hisense A6Q 50-inch 4K Smart TV","A 4K VIDAA smart television with vivid HDR picture and easy streaming access.",Hisense,"Electronics / Televisions",1169000,10,Black,"payment-on-order,uganda-electronics",https://dam.elcorteingles.es/producto/www-001014842331325-00.jpg?height=1200&impolicy=Resize&width=1200,50A6Q,"Supplier warranty","Payment on order; Uganda market price checked October 2026"
TV-HIS-A6Q-55,"Hisense A6Q 55-inch 4K Smart TV","A spacious 4K VIDAA smart TV with HDR support for films sports and streaming.",Hisense,"Electronics / Televisions",1555600,10,Black,"payment-on-order,uganda-electronics",https://www.ld.co.th/image/cache/catalog/ld_co_th/product/Hisense/2026_/55a6q-1000x1000.jpg,55A6Q,"Supplier warranty","Payment on order; Uganda market price checked October 2026"
TV-TCL-S5K-32,"TCL S5K 32-inch QLED Google TV","A compact QLED television with Full HD picture Google TV and Dolby Audio.",TCL,"Electronics / Televisions",475000,12,Black,"payment-on-order,uganda-electronics",https://a-static.mlcdn.com.br/800x600/smart-tv-tcl-32-polegadas-full-hd-qled-s5k-wifi-bluetooth-google-tv-2-hdmi-hdr10-dolby-audio-32s5k/lojatclsemp/32534/ebd2b05867f5dc73e9ba1326c9f3f8ce.jpeg,32S5K,"Supplier warranty","Payment on order; Uganda market price checked October 2026"
TV-TCL-P7K-43,"TCL P7K 43-inch QLED Google TV","A QLED Google TV with vivid colour smart streaming and a slim bezel.",TCL,"Electronics / Televisions",732000,12,Black,"payment-on-order,uganda-electronics",https://kantronics.co.ke/cdn/shop/files/50P7K.webp?v=1749650068,43P7K,"Supplier warranty","Payment on order; family image; Uganda market price checked October 2026"
TV-TCL-P7K-50,"TCL P7K 50-inch QLED 4K Google TV","A 4K QLED television with Google TV Dolby Vision and immersive Dolby Atmos audio.",TCL,"Electronics / Televisions",1272300,10,Black,"payment-on-order,uganda-electronics",https://kantronics.co.ke/cdn/shop/files/50P7K.webp?v=1749650068,50P7K,"Supplier warranty","Payment on order; Uganda market price checked October 2026"
TV-TCL-P7K-55,"TCL P7K 55-inch QLED 4K Google TV","A large 4K QLED Google TV built for vivid streaming films sports and console play.",TCL,"Electronics / Televisions",1319000,10,Black,"payment-on-order,uganda-electronics",https://kantronics.co.ke/cdn/shop/files/50P7K.webp?v=1749650068,55P7K,"Supplier warranty","Payment on order; family image; Uganda market price checked October 2026"
TV-SKY-Q5600-43,"Skyworth Q5600H 43-inch QLED Google TV","A Full HD QLED Google TV with wide colour and convenient wireless casting.",Skyworth,"Electronics / Televisions",744600,10,Black,"payment-on-order,uganda-electronics",https://bf1af2.akinoncloudcdn.com/products/2025/11/21/625386/7af2c3db-81b4-47e9-bed8-12b886ce2e66_size3840_cropCenter.jpg,43Q5600H,"Supplier warranty","Payment on order; Uganda market price checked October 2026"
TV-SKY-Q6500-55,"Skyworth Q6500H 55-inch 4K QLED Google TV","A 55-inch 4K QLED Google TV with a borderless design and immersive smart features.",Skyworth,"Electronics / Televisions",1369000,10,Black,"payment-on-order,uganda-electronics",https://images.hiii-style.com/attachments/media/46126528-6c43-4bc4-983f-4916634c8cef.jpg,55Q6500H,"Supplier warranty","Payment on order; Uganda market price checked October 2026"
TV-SAM-DU7000-50,"Samsung DU7000 50-inch Crystal UHD 4K Smart TV","A 4K Samsung smart television with Crystal processing PurColor and Tizen apps.",Samsung,"Electronics / Televisions",1761500,10,Black,"payment-on-order,uganda-electronics",https://www.static-src.com/wcsstore/Indraprastha/images/catalog/full/catalog-image/103/MTA-180780185/samsung_smart-tv-samsung-50-inch-ua50du7000-crystal-4k-new-2024_full01.jpg,UA50DU7000,"Supplier warranty","Payment on order; Uganda market price checked October 2026"
TV-SAM-DU7000-55,"Samsung DU7000 55-inch Crystal UHD 4K Smart TV","A large Samsung Crystal UHD television with Tizen smart apps and 4K upscaling.",Samsung,"Electronics / Televisions",2478300,8,Black,"payment-on-order,uganda-electronics",https://www.static-src.com/wcsstore/Indraprastha/images/catalog/full/catalog-image/103/MTA-180780185/samsung_smart-tv-samsung-50-inch-ua50du7000-crystal-4k-new-2024_full01.jpg,UA55DU7000,"Supplier warranty","Payment on order; family image; Uganda market price checked October 2026"
TV-SAM-DU7000-65,"Samsung DU7000 65-inch Crystal UHD 4K Smart TV","A cinema-sized Samsung 4K smart television with Tizen apps and Crystal processing.",Samsung,"Electronics / Televisions",2945700,8,Black,"payment-on-order,uganda-electronics",https://www.static-src.com/wcsstore/Indraprastha/images/catalog/full/catalog-image/103/MTA-180780185/samsung_smart-tv-samsung-50-inch-ua50du7000-crystal-4k-new-2024_full01.jpg,UA65DU7000,"Supplier warranty","Payment on order; family image; Uganda market price checked October 2026"
TV-LG-UQ75-65,"LG UQ75 65-inch 4K UHD Smart TV","A large LG 4K smart television with webOS ThinQ AI and HDR picture processing.",LG,"Electronics / Televisions",2899000,8,Black,"payment-on-order,uganda-electronics",https://www.lg.com/content/dam/channel/wcms/nl/images/televisies/65uq75006lf_aeu_eebn_nl_c/gallery/DZ-1.jpg,65UQ7500,"Supplier warranty","Payment on order; Uganda market price checked October 2026"
